Country,Code,Year,GDP_per_capita
Afghanistan,AFG,2000,502.37274
Afghanistan,AFG,2001,489.682
Afghanistan,AFG,2002,796.8166
Afghanistan,AFG,2003,842.8052
Afghanistan,AFG,2004,869.03925
Afghanistan,AFG,2005,964.4081
Afghanistan,AFG,2006,1057.0966
Afghanistan,AFG,2007,1259.9967
Afghanistan,AFG,2008,1319.6074
Afghanistan,AFG,2009,1557.3207
Afghanistan,AFG,2010,1627.6716
Afghanistan,AFG,2011,1792
Afghanistan,AFG,2012,1945
Afghanistan,AFG,2013,2025
Afghanistan,AFG,2014,2022
Afghanistan,AFG,2015,1928
Afghanistan,AFG,2016,1931.2438
Afghanistan,AFG,2017,1909.733
Afghanistan,AFG,2018,1888.814
Afghanistan,AFG,2019,2031.7373
Afghanistan,AFG,2020,1928.4547
Afghanistan,AFG,2021,1485.547
Afghanistan,AFG,2022,1357.9878
Algeria,DZA,2000,6834.5537
Algeria,DZA,2001,7218.2456
Algeria,DZA,2002,7814.8384
Algeria,DZA,2003,8590.178
Algeria,DZA,2004,9182.294
Algeria,DZA,2005,9969.623
Algeria,DZA,2006,10385.779
Algeria,DZA,2007,10974.742
Algeria,DZA,2008,11475.002
Algeria,DZA,2009,11907.021
Algeria,DZA,2010,12587.744
Algeria,DZA,2011,13204
Algeria,DZA,2012,13392.944
Algeria,DZA,2013,13508.265
Algeria,DZA,2014,13760.384
Algeria,DZA,2015,14007.894
Algeria,DZA,2016,14198.272
Algeria,DZA,2017,14149.915
Algeria,DZA,2018,14083.772
Algeria,DZA,2019,14000.279
Algeria,DZA,2020,13086.293
Algeria,DZA,2021,13337.262
Algeria,DZA,2022,13506.444
Argentina,ARG,2000,14368.942
Argentina,ARG,2001,13651.981
Argentina,ARG,2002,12094.772
Argentina,ARG,2003,13088.565
Argentina,ARG,2004,14183.226
Argentina,ARG,2005,15344.157
Argentina,ARG,2006,16490.473
Argentina,ARG,2007,17891.943
Argentina,ARG,2008,18520.305
Argentina,ARG,2009,17328.977
Argentina,ARG,2010,18979.992
Argentina,ARG,2011,20003
Argentina,ARG,2012,19573.963
Argentina,ARG,2013,19821.643
Argentina,ARG,2014,19112.232
Argentina,ARG,2015,19423.666
Argentina,ARG,2016,18819.643
Argentina,ARG,2017,19150.52
Argentina,ARG,2018,18460.87
Argentina,ARG,2019,17912.637
Argentina,ARG,2020,15975.839
Argentina,ARG,2021,17470.682
Argentina,ARG,2022,18292.318
Australia,AUS,2000,36603.047
Australia,AUS,2001,37275.992
Australia,AUS,2002,38567.066
Australia,AUS,2003,39523.656
Australia,AUS,2004,40887.727
Australia,AUS,2005,41904.445
Australia,AUS,2006,42650.984
Australia,AUS,2007,44033.582
Australia,AUS,2008,44421.64
Australia,AUS,2009,44686.543
Australia,AUS,2010,45400.223
Australia,AUS,2011,46132
Australia,AUS,2012,47045.13
Australia,AUS,2013,47260.953
Australia,AUS,2014,47753.848
Australia,AUS,2015,48145.53
Australia,AUS,2016,48675.137
Australia,AUS,2017,49001.902
Australia,AUS,2018,49614.387
Australia,AUS,2019,49814.67
Australia,AUS,2020,48268.945
Australia,AUS,2021,50704.934
Australia,AUS,2022,52049.43
Austria,AUT,2000,34796.258
Austria,AUT,2001,35272.223
Austria,AUT,2002,35823.586
Austria,AUT,2003,36063.12
Austria,AUT,2004,36957.113
Austria,AUT,2005,37642.76
Austria,AUT,2006,38866.848
Austria,AUT,2007,40305.273
Austria,AUT,2008,40964.793
Austria,AUT,2009,39463.656
Austria,AUT,2010,40288.348
Austria,AUT,2011,41446
Austria,AUT,2012,41540.94
Austria,AUT,2013,41301.94
Austria,AUT,2014,41250.508
Austria,AUT,2015,41255.715
Austria,AUT,2016,41545.5
Austria,AUT,2017,42216.918
Austria,AUT,2018,43032.215
Austria,AUT,2019,43488.668
Austria,AUT,2020,40503.04
Austria,AUT,2021,42184.695
Austria,AUT,2022,43792.855
Bangladesh,BGD,2000,1485.3092
Bangladesh,BGD,2001,1551.1965
Bangladesh,BGD,2002,1621.267
Bangladesh,BGD,2003,1710.7313
Bangladesh,BGD,2004,1812.6246
Bangladesh,BGD,2005,1925.6062
Bangladesh,BGD,2006,2057.6985
Bangladesh,BGD,2007,2194.4224
Bangladesh,BGD,2008,2321.0505
Bangladesh,BGD,2009,2448.887
Bangladesh,BGD,2010,2599.2083
Bangladesh,BGD,2011,2772
Bangladesh,BGD,2012,2914.0488
Bangladesh,BGD,2013,3057.4697
Bangladesh,BGD,2014,3216.8923
Bangladesh,BGD,2015,3402.3213
Bangladesh,BGD,2016,3598.5103
Bangladesh,BGD,2017,3808.8728
Bangladesh,BGD,2018,4056.6465
Bangladesh,BGD,2019,4242.7515
Bangladesh,BGD,2020,4418.9644
Bangladesh,BGD,2021,4684.003
Bangladesh,BGD,2022,4925.721
Belgium,BEL,2000,33719.77
Belgium,BEL,2001,33923.344
Belgium,BEL,2002,34419.695
Belgium,BEL,2003,34588.477
Belgium,BEL,2004,35740.35
Belgium,BEL,2005,36338.383
Belgium,BEL,2006,37051.902
Belgium,BEL,2007,38082.875
Belgium,BEL,2008,38117.348
Belgium,BEL,2009,36998.65
Belgium,BEL,2010,37739.33
Belgium,BEL,2011,38130
Belgium,BEL,2012,38173.234
Belgium,BEL,2013,38169.832
Belgium,BEL,2014,38599.426
Belgium,BEL,2015,39160.324
Belgium,BEL,2016,39456.863
Belgium,BEL,2017,39940.824
Belgium,BEL,2018,40471.914
Belgium,BEL,2019,41155.527
Belgium,BEL,2020,38763.44
Belgium,BEL,2021,40970.805
Belgium,BEL,2022,41872.395
Brazil,BRA,2001,9953.31
Brazil,BRA,2002,10245.069
Brazil,BRA,2003,10354.596
Brazil,BRA,2004,10949.66
Brazil,BRA,2005,11305.771
Brazil,BRA,2006,11766.605
Brazil,BRA,2007,12500.007
Brazil,BRA,2008,13164.012
Brazil,BRA,2009,13180.891
Brazil,BRA,2010,14215.612
Brazil,BRA,2011,14831
Brazil,BRA,2012,14985.498
Brazil,BRA,2013,15305.414
Brazil,BRA,2014,15251.89
Brazil,BRA,2015,14583.982
Brazil,BRA,2016,13990.646
Brazil,BRA,2017,14062.75
Brazil,BRA,2018,14197.55
Brazil,BRA,2019,14257.871
Brazil,BRA,2020,13685.926
Brazil,BRA,2021,14292.936
Brazil,BRA,2022,14640.076
Cambodia,KHM,2000,1659.0891
Cambodia,KHM,2001,1726.4713
Cambodia,KHM,2002,1770.9572
Cambodia,KHM,2003,1850.2043
Cambodia,KHM,2004,1965.8787
Cambodia,KHM,2005,2144.845
Cambodia,KHM,2006,2286.3848
Cambodia,KHM,2007,2422.7566
Cambodia,KHM,2008,2482.0068
Cambodia,KHM,2009,2433.3062
Cambodia,KHM,2010,2426.687
Cambodia,KHM,2011,2496
Cambodia,KHM,2012,2649.3062
Cambodia,KHM,2013,2813.6704
Cambodia,KHM,2014,2982.7285
Cambodia,KHM,2015,3149.8743
Cambodia,KHM,2016,3312.0815
Cambodia,KHM,2017,3488.5952
Cambodia,KHM,2018,3692.43
Cambodia,KHM,2019,3896.7979
Cambodia,KHM,2020,3728.1985
Cambodia,KHM,2021,3796.4844
Cambodia,KHM,2022,3944.2468
China,CHN,2000,4730.3545
China,CHN,2001,4995.1445
China,CHN,2002,5343.1123
China,CHN,2003,5649.4634
China,CHN,2004,6067.5913
China,CHN,2005,6626.592
China,CHN,2006,7271.0356
China,CHN,2007,7895.713
China,CHN,2008,8190.1123
China,CHN,2009,8734.041
China,CHN,2010,9658.419
China,CHN,2011,10221
China,CHN,2012,10946.834
China,CHN,2013,11731.295
China,CHN,2014,12515.198
China,CHN,2015,13325.432
China,CHN,2016,14138.955
China,CHN,2017,15030.447
China,CHN,2018,15977.008
China,CHN,2019,16879.54
China,CHN,2020,17225.969
China,CHN,2021,18666.605
China,CHN,2022,19238.18
Colombia,COL,2000,8496.792
Colombia,COL,2001,8528.033
Colombia,COL,2002,8630.542
Colombia,COL,2003,8855.218
Colombia,COL,2004,9211.279
Colombia,COL,2005,9524.723
Colombia,COL,2006,10039.684
Colombia,COL,2007,10602.305
Colombia,COL,2008,10846.737
Colombia,COL,2009,10894.103
Colombia,COL,2010,11191.687
Colombia,COL,2011,11788
Colombia,COL,2012,12129.81
Colombia,COL,2013,12633.481
Colombia,COL,2014,12981.565
Colombia,COL,2015,13237.291
Colombia,COL,2016,13367.445
Colombia,COL,2017,13380.643
Colombia,COL,2018,13485.702
Colombia,COL,2019,13603.993
Colombia,COL,2020,12377.135
Colombia,COL,2021,13553.399
Colombia,COL,2022,14468.964
Egypt,EGY,2000,6593.5317
Egypt,EGY,2001,6914.937
Egypt,EGY,2002,7142.6865
Egypt,EGY,2003,7365.8027
Egypt,EGY,2004,7661.86
Egypt,EGY,2005,8021.8833
Egypt,EGY,2006,8509.614
Egypt,EGY,2007,9130.598
Egypt,EGY,2008,9698.017
Egypt,EGY,2009,10159.002
Egypt,EGY,2010,10719.291
Egypt,EGY,2011,10737
Egypt,EGY,2012,10774.53
Egypt,EGY,2013,10871.145
Egypt,EGY,2014,11135.728
Egypt,EGY,2015,11312.848
Egypt,EGY,2016,11458.447
Egypt,EGY,2017,11545.594
Egypt,EGY,2018,11895.312
Egypt,EGY,2019,12300.201
Egypt,EGY,2020,12234.504
Egypt,EGY,2021,12868.262
Egypt,EGY,2022,13205.406
Finland,FIN,2000,32689.77
Finland,FIN,2001,33481.68
Finland,FIN,2002,33986.555
Finland,FIN,2003,34607.22
Finland,FIN,2004,35888.613
Finland,FIN,2005,36787.258
Finland,FIN,2006,38160.703
Finland,FIN,2007,39998.523
Finland,FIN,2008,40129.652
Finland,FIN,2009,36662.613
Finland,FIN,2010,37615.113
Finland,FIN,2011,38432
Finland,FIN,2012,37715.01
Finland,FIN,2013,37203.145
Finland,FIN,2014,36907.92
Finland,FIN,2015,36986.7
Finland,FIN,2016,37924.152
Finland,FIN,2017,39043.19
Finland,FIN,2018,39430.906
Finland,FIN,2019,39874.8
Finland,FIN,2020,38871.703
Finland,FIN,2021,39977.855
Finland,FIN,2022,40701.465
France,FRA,2000,33409.68
France,FRA,2001,33920.098
France,FRA,2002,34152.773
France,FRA,2003,34292.03
France,FRA,2004,35093.824
France,FRA,2005,35495.465
France,FRA,2006,36166.16
France,FRA,2007,36845.684
France,FRA,2008,36761.793
France,FRA,2009,35534.926
France,FRA,2010,36086.727
France,FRA,2011,36691
France,FRA,2012,36625.926
France,FRA,2013,36647.22
France,FRA,2014,36818.54
France,FRA,2015,37077.89
France,FRA,2016,37343.84
France,FRA,2017,38037.336
France,FRA,2018,38555.465
France,FRA,2019,39084.656
France,FRA,2020,35913.82
France,FRA,2021,38242.133
France,FRA,2022,39065.71
Georgia,GEO,2000,4891.664
Georgia,GEO,2001,5125.1274
Georgia,GEO,2002,5406.953
Georgia,GEO,2003,6013.0093
Georgia,GEO,2004,6342.708
Georgia,GEO,2005,6849.789
Georgia,GEO,2006,7398.0527
Georgia,GEO,2007,8300.144
Georgia,GEO,2008,8461.917
Georgia,GEO,2009,8062.084
Georgia,GEO,2010,8443.437
Georgia,GEO,2011,8946
Georgia,GEO,2012,9497.121
Georgia,GEO,2013,9856.679
Georgia,GEO,2014,10307.604
Georgia,GEO,2015,10629.594
Georgia,GEO,2016,10945.466
Georgia,GEO,2017,11479.426
Georgia,GEO,2018,12035.715
Georgia,GEO,2019,12631.664
Georgia,GEO,2020,11770.782
Georgia,GEO,2021,12994.772
Georgia,GEO,2022,14360.359
Germany,DEU,2000,33367.285
Germany,DEU,2001,34260.29
Germany,DEU,2002,34590.93
Germany,DEU,2003,34716.44
Germany,DEU,2004,35528.715
Germany,DEU,2005,36205.574
Germany,DEU,2006,38014.137
Germany,DEU,2007,39752.207
Germany,DEU,2008,40715.434
Germany,DEU,2009,38962.938
Germany,DEU,2010,41109.582
Germany,DEU,2011,43189
Germany,DEU,2012,43288.32
Germany,DEU,2013,43359.137
Germany,DEU,2014,44132.758
Germany,DEU,2015,44405.168
Germany,DEU,2016,45030.47
Germany,DEU,2017,46065.1
Germany,DEU,2018,46377.39
Germany,DEU,2019,46761.945
Germany,DEU,2020,44996.43
Germany,DEU,2021,46159.05
Germany,DEU,2022,46647.793
Ghana,GHA,2000,2100.293
Ghana,GHA,2001,2143.1062
Ghana,GHA,2002,2192.0203
Ghana,GHA,2003,2256.8174
Ghana,GHA,2004,2329.5156
Ghana,GHA,2005,2411.2876
Ghana,GHA,2006,2503.9578
Ghana,GHA,2007,2553.1658
Ghana,GHA,2008,2725.7883
Ghana,GHA,2009,2793.8708
Ghana,GHA,2010,2946.0393
Ghana,GHA,2011,3283
Ghana,GHA,2012,3467.1042
Ghana,GHA,2013,3621.6008
Ghana,GHA,2014,3627.8384
Ghana,GHA,2015,3610.646
Ghana,GHA,2016,3640.779
Ghana,GHA,2017,3841.8796
Ghana,GHA,2018,3983.1216
Ghana,GHA,2019,4143.3774
Ghana,GHA,2020,4069.252
Ghana,GHA,2021,4190.578
Ghana,GHA,2022,4242.4106
Greece,GRC,2000,20965.332
Greece,GRC,2001,21913.797
Greece,GRC,2002,22893.959
Greece,GRC,2003,24380.066
Greece,GRC,2004,25780.385
Greece,GRC,2005,26091.523
Greece,GRC,2006,27731.111
Greece,GRC,2007,28822.916
Greece,GRC,2008,28907.926
Greece,GRC,2009,27839.898
Greece,GRC,2010,26517.465
Greece,GRC,2011,24349
Greece,GRC,2012,22746.207
Greece,GRC,2013,22335.27
Greece,GRC,2014,22591.598
Greece,GRC,2015,22696.203
Greece,GRC,2016,22679.81
Greece,GRC,2017,22972.889
Greece,GRC,2018,23403.611
Greece,GRC,2019,23869.793
Greece,GRC,2020,21767.22
Greece,GRC,2021,23732.201
Greece,GRC,2022,25283.906
Hungary,HUN,2000,13129.273
Hungary,HUN,2001,13933.562
Hungary,HUN,2002,14899.307
Hungary,HUN,2003,15829.9
Hungary,HUN,2004,16999.006
Hungary,HUN,2005,18140.617
Hungary,HUN,2006,19253.062
Hungary,HUN,2007,19763.791
Hungary,HUN,2008,20380.63
Hungary,HUN,2009,19461.07
Hungary,HUN,2010,20036.334
Hungary,HUN,2011,20886
Hungary,HUN,2012,20731.67
Hungary,HUN,2013,21163.564
Hungary,HUN,2014,22118.75
Hungary,HUN,2015,22993.375
Hungary,HUN,2016,23568.926
Hungary,HUN,2017,24641.197
Hungary,HUN,2018,25995.51
Hungary,HUN,2019,27272.312
Hungary,HUN,2020,26091.4
Hungary,HUN,2021,28085.963
Hungary,HUN,2022,29451.855
India,IND,2000,2753.0854
India,IND,2001,2837.8555
India,IND,2002,2870.9236
India,IND,2003,3035.9226
India,IND,2004,3212.511
India,IND,2005,3396.6487
India,IND,2006,3629.4111
India,IND,2007,3870.699
India,IND,2008,4030.6543
India,IND,2009,4270.708
India,IND,2010,4525.7456
India,IND,2011,4768
India,IND,2012,4982.083
India,IND,2013,5224.1445
India,IND,2014,5524.1147
India,IND,2015,5869.8467
India,IND,2016,6326.0645
India,IND,2017,6638.7275
India,IND,2018,7046.4365
India,IND,2019,7293.9897
India,IND,2020,6730.547
India,IND,2021,7315.1216
India,IND,2022,7765.593
Iran,IRN,2000,9104.763
Iran,IRN,2001,9620.627
Iran,IRN,2002,10467.371
Iran,IRN,2003,11502.853
Iran,IRN,2004,12404.323
Iran,IRN,2005,13110.143
Iran,IRN,2006,14185.753
Iran,IRN,2007,15467.107
Iran,IRN,2008,15739.983
Iran,IRN,2009,16575.07
Iran,IRN,2010,17751.33
Iran,IRN,2011,18024
Iran,IRN,2012,17556.533
Iran,IRN,2013,16842.896
Iran,IRN,2014,17449.938
Iran,IRN,2015,16922.88
Iran,IRN,2016,17738.059
Iran,IRN,2017,18416.479
Iran,IRN,2018,18154.533
Iran,IRN,2019,17400.414
Iran,IRN,2020,17296.264
Iran,IRN,2021,18052.37
Iran,IRN,2022,18473.066
Iraq,IRQ,2000,3649.493
Iraq,IRQ,2001,4147.6484
Iraq,IRQ,2002,4631.6523
Iraq,IRQ,2003,3782.4526
Iraq,IRQ,2004,6061.5547
Iraq,IRQ,2005,6441.41
Iraq,IRQ,2006,7117.6133
Iraq,IRQ,2007,7587.6055
Iraq,IRQ,2008,8587.265
Iraq,IRQ,2009,9268.709
Iraq,IRQ,2010,10274.33
Iraq,IRQ,2011,11484
Iraq,IRQ,2012,12521.541
Iraq,IRQ,2013,12877.205
Iraq,IRQ,2014,12559.504
Iraq,IRQ,2015,12574.508
Iraq,IRQ,2016,14173.763
Iraq,IRQ,2017,13403.638
Iraq,IRQ,2018,13724.742
Iraq,IRQ,2019,14203.617
Iraq,IRQ,2020,11717.375
Iraq,IRQ,2021,12355.587
Iraq,IRQ,2022,13071.94
Ireland,IRL,2000,38806.5
Ireland,IRL,2001,40966.332
Ireland,IRL,2002,43012.816
Ireland,IRL,2003,44372.758
Ireland,IRL,2004,47028.863
Ireland,IRL,2005,49223.383
Ireland,IRL,2006,51296.195
Ireland,IRL,2007,52322.23
Ireland,IRL,2008,49583.14
Ireland,IRL,2009,47375.734
Ireland,IRL,2010,48623.81
Ireland,IRL,2011,48980
Ireland,IRL,2012,47360.09
Ireland,IRL,2013,48181.234
Ireland,IRL,2014,50732.348
Ireland,IRL,2015,53196.598
Ireland,IRL,2016,53686.844
Ireland,IRL,2017,55465.652
Ireland,IRL,2018,58083.45
Ireland,IRL,2019,59733.91
Ireland,IRL,2020,55134.855
Ireland,IRL,2021,57278.42
Ireland,IRL,2022,60257.082
Israel,ISR,2000,26058.84
Israel,ISR,2001,25427.32
Israel,ISR,2002,24823.553
Israel,ISR,2003,24545.244
Israel,ISR,2004,25210.879
Israel,ISR,2005,25686.406
Israel,ISR,2006,26571.256
Israel,ISR,2007,27624.883
Israel,ISR,2008,27857.62
Israel,ISR,2009,27644.697
Israel,ISR,2010,28575.531
Israel,ISR,2011,29370
Israel,ISR,2012,29580.836
Israel,ISR,2013,30316.602
Israel,ISR,2014,30906.148
Israel,ISR,2015,31050.408
Israel,ISR,2016,31822.875
Israel,ISR,2017,32549.818
Israel,ISR,2018,33227.125
Israel,ISR,2019,33951.89
Israel,ISR,2020,32730.943
Israel,ISR,2021,34969.016
Israel,ISR,2022,36648.918
Italy,ITA,2000,32716.98
Italy,ITA,2001,33511.434
Italy,ITA,2002,33780.055
Italy,ITA,2003,33917.8
Italy,ITA,2004,34472.13
Italy,ITA,2005,34872.125
Italy,ITA,2006,35713.805
Italy,ITA,2007,36310.734
Italy,ITA,2008,35942.938
Italy,ITA,2009,34055.227
Italy,ITA,2010,34765.938
Italy,ITA,2011,35151
Italy,ITA,2012,34010.035
Italy,ITA,2013,33317.242
Italy,ITA,2014,33310.703
Italy,ITA,2015,33620.742
Italy,ITA,2016,34120.42
Italy,ITA,2017,34754.77
Italy,ITA,2018,35149.824
Italy,ITA,2019,35407.242
Italy,ITA,2020,32385.326
Italy,ITA,2021,34827.137
Italy,ITA,2022,36224.293
Japan,JPN,2000,33210.81
Japan,JPN,2001,33246.39
Japan,JPN,2002,33195.402
Japan,JPN,2003,33619.95
Japan,JPN,2004,34313.56
Japan,JPN,2005,34857.754
Japan,JPN,2006,35333.113
Japan,JPN,2007,35892.71
Japan,JPN,2008,35496.227
Japan,JPN,2009,33590.01
Japan,JPN,2010,35011.402
Japan,JPN,2011,34979
Japan,JPN,2012,35537.438
Japan,JPN,2013,36312.348
Japan,JPN,2014,36440.215
Japan,JPN,2015,37053.176
Japan,JPN,2016,37384.56
Japan,JPN,2017,38078.96
Japan,JPN,2018,38403.68
Japan,JPN,2019,38332.934
Japan,JPN,2020,36826.64
Japan,JPN,2021,37678.277
Japan,JPN,2022,38268.79
Kuwait,KWT,2000,35844.746
Kuwait,KWT,2001,37225.87
Kuwait,KWT,2002,39943.15
Kuwait,KWT,2003,48809.71
Kuwait,KWT,2004,55911.793
Kuwait,KWT,2005,62959.6
Kuwait,KWT,2006,68546.14
Kuwait,KWT,2007,73096.87
Kuwait,KWT,2008,75138.12
Kuwait,KWT,2009,70072.73
Kuwait,KWT,2010,68865.31
Kuwait,KWT,2011,77126
Kuwait,KWT,2012,80657.13
Kuwait,KWT,2013,80098.64
Kuwait,KWT,2014,79103.414
Kuwait,KWT,2015,78261.195
Kuwait,KWT,2016,79289.17
Kuwait,KWT,2017,74427.02
Kuwait,KWT,2018,75163.984
Kuwait,KWT,2019,73748.44
Kuwait,KWT,2020,66365.99
Kuwait,KWT,2021,66418.2
Kuwait,KWT,2022,71533.516
Malaysia,MYS,2000,13474.701
Malaysia,MYS,2001,13307.215
Malaysia,MYS,2002,13809.872
Malaysia,MYS,2003,14362.155
Malaysia,MYS,2004,15087.251
Malaysia,MYS,2005,15651.118
Malaysia,MYS,2006,16353.924
Malaysia,MYS,2007,17209.584
Malaysia,MYS,2008,17865.64
Malaysia,MYS,2009,17430.445
Malaysia,MYS,2010,18574.299
Malaysia,MYS,2011,19390
Malaysia,MYS,2012,20162.178
Malaysia,MYS,2013,20819.164
Malaysia,MYS,2014,21769.006
Malaysia,MYS,2015,22550.342
Malaysia,MYS,2016,23251.902
Malaysia,MYS,2017,24301.559
Malaysia,MYS,2018,25175.799
Malaysia,MYS,2019,25986.412
Malaysia,MYS,2020,24279.316
Malaysia,MYS,2021,24764.65
Malaysia,MYS,2022,26628.707
Mexico,MEX,2000,12613.396
Mexico,MEX,2001,12565.465
Mexico,MEX,2002,12645.504
Mexico,MEX,2003,12793.956
Mexico,MEX,2004,13287.6
Mexico,MEX,2005,13655.801
Mexico,MEX,2006,14287.559
Mexico,MEX,2007,14684.728
Mexico,MEX,2008,14808.09
Mexico,MEX,2009,14026.989
Mexico,MEX,2010,14697.298
Mexico,MEX,2011,15210
Mexico,MEX,2012,15547.994
Mexico,MEX,2013,15614.781
Mexico,MEX,2014,15883.877
Mexico,MEX,2015,16235.004
Mexico,MEX,2016,16705.047
Mexico,MEX,2017,16900.13
Mexico,MEX,2018,17055.117
Mexico,MEX,2019,16802.014
Mexico,MEX,2020,15253.691
Mexico,MEX,2021,15853.376
Mexico,MEX,2022,16235.455
New Zealand,NZL,2000,26823.018
New Zealand,NZL,2001,27167.318
New Zealand,NZL,2002,28065.855
New Zealand,NZL,2003,28876.287
New Zealand,NZL,2004,29806.734
New Zealand,NZL,2005,30270.248
New Zealand,NZL,2006,30798.63
New Zealand,NZL,2007,31784.441
New Zealand,NZL,2008,31444.633
New Zealand,NZL,2009,31233.076
New Zealand,NZL,2010,31586.09
New Zealand,NZL,2011,32057
New Zealand,NZL,2012,32714.732
New Zealand,NZL,2013,33109.26
New Zealand,NZL,2014,33591.32
New Zealand,NZL,2015,34248.477
New Zealand,NZL,2016,34879.938
New Zealand,NZL,2017,35573.965
New Zealand,NZL,2018,36420.047
New Zealand,NZL,2019,36912.074
New Zealand,NZL,2020,35853.69
New Zealand,NZL,2021,37837.457
New Zealand,NZL,2022,38250.12
North Korea,PRK,2000,1657.1444
North Korea,PRK,2001,1704.3733
North Korea,PRK,2002,1710.9496
North Korea,PRK,2003,1729.6221
North Korea,PRK,2004,1753.6919
North Korea,PRK,2005,1808.0618
North Korea,PRK,2006,1778.4956
North Korea,PRK,2007,1746.9276
North Korea,PRK,2008,1794.6573
North Korea,PRK,2009,1768.8898
North Korea,PRK,2010,1751.4363
North Korea,PRK,2011,1756.6108
North Korea,PRK,2012,1770.9209
North Korea,PRK,2013,1781.3009
North Korea,PRK,2014,1791.3436
North Korea,PRK,2015,1762.5167
North Korea,PRK,2016,1821.212
North Korea,PRK,2017,1749.0596
North Korea,PRK,2018,1668.5446
North Korea,PRK,2019,1666.8143
North Korea,PRK,2020,1584.3771
North Korea,PRK,2021,1577.1321
North Korea,PRK,2022,1568.847
Pakistan,PAK,2000,3154.5115
Pakistan,PAK,2001,3176.9468
Pakistan,PAK,2002,3265.6865
Pakistan,PAK,2003,3437.992
Pakistan,PAK,2004,3664.5334
Pakistan,PAK,2005,3883.9346
Pakistan,PAK,2006,4062.6665
Pakistan,PAK,2007,4160.365
Pakistan,PAK,2008,4224.405
Pakistan,PAK,2009,4288.462
Pakistan,PAK,2010,4354.267
Pakistan,PAK,2011,4464
Pakistan,PAK,2012,4538.3457
Pakistan,PAK,2013,4638.1616
Pakistan,PAK,2014,4750.878
Pakistan,PAK,2015,4889.915
Pakistan,PAK,2016,5030.8354
Pakistan,PAK,2017,5189.937
Pakistan,PAK,2018,5299.071
Pakistan,PAK,2019,5219.534
Pakistan,PAK,2020,5242.6953
Pakistan,PAK,2021,5463.7744
Pakistan,PAK,2022,5531.723
Portugal,PRT,2000,23372.041
Portugal,PRT,2001,23751.371
Portugal,PRT,2002,23896.459
Portugal,PRT,2003,23677.52
Portugal,PRT,2004,24142.766
Portugal,PRT,2005,24377.95
Portugal,PRT,2006,24809.04
Portugal,PRT,2007,25477.205
Portugal,PRT,2008,25590.88
Portugal,PRT,2009,24902.457
Portugal,PRT,2010,25463.164
Portugal,PRT,2011,25133
Portugal,PRT,2012,24211.438
Portugal,PRT,2013,24119.96
Portugal,PRT,2014,24442.387
Portugal,PRT,2015,24983.701
Portugal,PRT,2016,25568.695
Portugal,PRT,2017,26529.986
Portugal,PRT,2018,27329.69
Portugal,PRT,2019,28056.057
Portugal,PRT,2020,25700.283
Portugal,PRT,2021,27138.479
Portugal,PRT,2022,28992.059
Qatar,QAT,2000,45788.12
Qatar,QAT,2001,50525.707
Qatar,QAT,2002,57541.1
Qatar,QAT,2003,62234.215
Qatar,QAT,2004,74372.93
Qatar,QAT,2005,76808.42
Qatar,QAT,2006,90120.92
Qatar,QAT,2007,97912.69
Qatar,QAT,2008,107402.055
Qatar,QAT,2009,115283.414
Qatar,QAT,2010,134802.78
Qatar,QAT,2011,155533
Qatar,QAT,2012,154339.81
Qatar,QAT,2013,155657.12
Qatar,QAT,2014,157712.9
Qatar,QAT,2015,159800.19
Qatar,QAT,2016,160051.23
Qatar,QAT,2017,153819.11
Qatar,QAT,2018,152453.81
Qatar,QAT,2019,150732.22
Qatar,QAT,2020,143118.53
Qatar,QAT,2021,143468.75
Qatar,QAT,2022,149171.11
Russia,RUS,2000,10552.885
Russia,RUS,2001,11391.194
Russia,RUS,2002,12259.477
Russia,RUS,2003,13521.239
Russia,RUS,2004,14880.979
Russia,RUS,2005,16243.101
Russia,RUS,2006,18008.336
Russia,RUS,2007,20018.123
Russia,RUS,2008,21563.463
Russia,RUS,2009,20335.559
Russia,RUS,2010,21737.385
Russia,RUS,2011,23130
Russia,RUS,2012,24020.31
Russia,RUS,2013,24389.973
Russia,RUS,2014,24135.035
Russia,RUS,2015,23607.953
Russia,RUS,2016,23610.37
Russia,RUS,2017,24013.967
Russia,RUS,2018,24690.082
Russia,RUS,2019,25244.12
Russia,RUS,2020,24625.385
Russia,RUS,2021,26119.947
Russia,RUS,2022,25437.107
Saudi Arabia,SAU,2000,23904.516
Saudi Arabia,SAU,2001,24191.996
Saudi Arabia,SAU,2002,24053.975
Saudi Arabia,SAU,2003,27367.094
Saudi Arabia,SAU,2004,30233.512
Saudi Arabia,SAU,2005,32700.332
Saudi Arabia,SAU,2006,34483.043
Saudi Arabia,SAU,2007,36070.316
Saudi Arabia,SAU,2008,39393.43
Saudi Arabia,SAU,2009,39671.555
Saudi Arabia,SAU,2010,42737.656
Saudi Arabia,SAU,2011,48470
Saudi Arabia,SAU,2012,49835.047
Saudi Arabia,SAU,2013,50021.12
Saudi Arabia,SAU,2014,50790.992
Saudi Arabia,SAU,2015,51941.598
Saudi Arabia,SAU,2016,51959.074
Saudi Arabia,SAU,2017,50593.27
Saudi Arabia,SAU,2018,50906.484
Saudi Arabia,SAU,2019,50123.336
Saudi Arabia,SAU,2020,46723.93
Saudi Arabia,SAU,2021,49841.145
Saudi Arabia,SAU,2022,53516.91
Serbia,SRB,2000,6059.583
Serbia,SRB,2001,6542.6797
Serbia,SRB,2002,7155.576
Serbia,SRB,2003,7637.832
Serbia,SRB,2004,8512.168
Serbia,SRB,2005,9198.414
Serbia,SRB,2006,9902.426
Serbia,SRB,2007,10768.942
Serbia,SRB,2008,11650.228
Serbia,SRB,2009,11576.589
Serbia,SRB,2010,11963.555
Serbia,SRB,2011,12463
Serbia,SRB,2012,12438.256
Serbia,SRB,2013,12860.451
Serbia,SRB,2014,12717.727
Serbia,SRB,2015,13013.854
Serbia,SRB,2016,13518.949
Serbia,SRB,2017,13876.65
Serbia,SRB,2018,14579.859
Serbia,SRB,2019,15293.246
Serbia,SRB,2020,15256.421
Serbia,SRB,2021,16563.828
Serbia,SRB,2022,17097.686
Singapore,SGP,2000,37772.758
Singapore,SGP,2001,36864.574
Singapore,SGP,2002,37829.906
Singapore,SGP,2003,38950.746
Singapore,SGP,2004,42111.168
Singapore,SGP,2005,44698.84
Singapore,SGP,2006,48073.59
Singapore,SGP,2007,51844.062
Singapore,SGP,2008,52180.17
Singapore,SGP,2009,51344.477
Singapore,SGP,2010,58612.73
Singapore,SGP,2011,61672
Singapore,SGP,2012,62855.523
Singapore,SGP,2013,64821.926
Singapore,SGP,2014,66498.555
Singapore,SGP,2015,67673.94
Singapore,SGP,2016,69211.05
Singapore,SGP,2017,72292.04
Singapore,SGP,2018,74518.15
Singapore,SGP,2019,74649.734
Singapore,SGP,2020,71964.7
Singapore,SGP,2021,77945.484
Singapore,SGP,2022,80320.086
South Africa,ZAF,2000,7582.7783
South Africa,ZAF,2001,7839.6255
South Africa,ZAF,2002,8171.2065
South Africa,ZAF,2003,8451.452
South Africa,ZAF,2004,8877.921
South Africa,ZAF,2005,9393.693
South Africa,ZAF,2006,9978.471
South Africa,ZAF,2007,10576.291
South Africa,ZAF,2008,10977.146
South Africa,ZAF,2009,10873.046
South Africa,ZAF,2010,11318.6045
South Africa,ZAF,2011,11838
South Africa,ZAF,2012,11938.226
South Africa,ZAF,2013,12048.068
South Africa,ZAF,2014,12034.149
South Africa,ZAF,2015,12009.91
South Africa,ZAF,2016,11908.111
South Africa,ZAF,2017,11867.522
South Africa,ZAF,2018,11873.3
South Africa,ZAF,2019,11739.936
South Africa,ZAF,2020,10839.133
South Africa,ZAF,2021,11273.159
South Africa,ZAF,2022,11415.887
South Korea,KOR,2000,23108.018
South Korea,KOR,2001,23804.438
South Korea,KOR,2002,25250.637
South Korea,KOR,2003,25679.246
South Korea,KOR,2004,26646.504
South Korea,KOR,2005,27443.283
South Korea,KOR,2006,28516.484
South Korea,KOR,2007,29716.57
South Korea,KOR,2008,30117.729
South Korea,KOR,2009,29967.562
South Korea,KOR,2010,31537.773
South Korea,KOR,2011,32225
South Korea,KOR,2012,32826.48
South Korea,KOR,2013,33711.656
South Korea,KOR,2014,34573.09
South Korea,KOR,2015,35357.52
South Korea,KOR,2016,36255.24
South Korea,KOR,2017,37296.047
South Korea,KOR,2018,38214.324
South Korea,KOR,2019,38935.992
South Korea,KOR,2020,38606.984
South Korea,KOR,2021,40277.953
South Korea,KOR,2022,41320.9
Spain,ESP,2000,26994.86
Spain,ESP,2001,28153.553
Spain,ESP,2002,28753.322
Spain,ESP,2003,29371.865
Spain,ESP,2004,30088.092
Spain,ESP,2005,30885.602
Spain,ESP,2006,31907.424
Spain,ESP,2007,32735.434
Spain,ESP,2008,32844.324
Spain,ESP,2009,31669.691
Spain,ESP,2010,31786.404
Spain,ESP,2011,31600
Spain,ESP,2012,30645.215
Spain,ESP,2013,30327.451
Spain,ESP,2014,30842.184
Spain,ESP,2015,32057.098
Spain,ESP,2016,33002.676
Spain,ESP,2017,33924.137
Spain,ESP,2018,34553.625
Spain,ESP,2019,34957.465
Spain,ESP,2020,30834.514
Spain,ESP,2021,32553.05
Spain,ESP,2022,34123.387
Sri Lanka,LKA,2000,5841.094
Sri Lanka,LKA,2001,5620.966
Sri Lanka,LKA,2002,5721.3086
Sri Lanka,LKA,2003,5963.57
Sri Lanka,LKA,2004,6191.9663
Sri Lanka,LKA,2005,6491.198
Sri Lanka,LKA,2006,6904.036
Sri Lanka,LKA,2007,7283.6323
Sri Lanka,LKA,2008,7622.4087
Sri Lanka,LKA,2009,7796.6475
Sri Lanka,LKA,2010,8319.703
Sri Lanka,LKA,2011,8918
Sri Lanka,LKA,2012,9599.045
Sri Lanka,LKA,2013,9898.523
Sri Lanka,LKA,2014,10437.811
Sri Lanka,LKA,2015,10784.185
Sri Lanka,LKA,2016,11236.119
Sri Lanka,LKA,2017,11868.202
Sri Lanka,LKA,2018,12051.547
Sri Lanka,LKA,2019,11939.55
Sri Lanka,LKA,2020,11447.249
Sri Lanka,LKA,2021,11751.948
Sri Lanka,LKA,2022,10705.481
Switzerland,CHE,2000,43251.105
Switzerland,CHE,2001,44398.64
Switzerland,CHE,2002,44934.316
Switzerland,CHE,2003,45441.598
Switzerland,CHE,2004,47263.598
Switzerland,CHE,2005,49273.902
Switzerland,CHE,2006,51862.965
Switzerland,CHE,2007,54509.54
Switzerland,CHE,2008,56054.883
Switzerland,CHE,2009,55171.5
Switzerland,CHE,2010,57219.5
Switzerland,CHE,2011,58686
Switzerland,CHE,2012,58750.938
Switzerland,CHE,2013,59120.062
Switzerland,CHE,2014,59775.54
Switzerland,CHE,2015,60070.867
Switzerland,CHE,2016,60647.64
Switzerland,CHE,2017,60903.223
Switzerland,CHE,2018,62185.477
Switzerland,CHE,2019,62448.598
Switzerland,CHE,2020,60521.26
Switzerland,CHE,2021,62595.31
Switzerland,CHE,2022,63323.254
Syria,SYR,2000,7668.072
Syria,SYR,2001,7509.304
Syria,SYR,2002,7529.7017
Syria,SYR,2003,6986.524
Syria,SYR,2004,7051.4287
Syria,SYR,2005,7037.7183
Syria,SYR,2006,6901.778
Syria,SYR,2007,6779.537
Syria,SYR,2008,6600.379
Syria,SYR,2009,6586.5186
Syria,SYR,2010,6520.6123
Syria,SYR,2011,5979
Syria,SYR,2012,4443.686
Syria,SYR,2013,3487.681
Syria,SYR,2014,3384.4143
Syria,SYR,2015,3464.0376
Syria,SYR,2016,3380.5535
Syria,SYR,2017,3422.1772
Syria,SYR,2018,3418.6953
Syria,SYR,2019,3385.4192
Syria,SYR,2020,2903.7397
Syria,SYR,2021,2682.3398
Syria,SYR,2022,2494.7612
Turkey,TUR,2000,11904.008
Turkey,TUR,2001,10950.992
Turkey,TUR,2002,11753.953
Turkey,TUR,2003,12380.207
Turkey,TUR,2004,13423.795
Turkey,TUR,2005,14487.758
Turkey,TUR,2006,15425.188
Turkey,TUR,2007,16090.835
Turkey,TUR,2008,16182.732
Turkey,TUR,2009,15188.421
Turkey,TUR,2010,16528.12
Turkey,TUR,2011,17919
Turkey,TUR,2012,18539.223
Turkey,TUR,2013,19855.717
Turkey,TUR,2014,20557.4
Turkey,TUR,2015,21519.33
Turkey,TUR,2016,21937.162
Turkey,TUR,2017,23278.996
Turkey,TUR,2018,23650.49
Turkey,TUR,2019,23497.504
Turkey,TUR,2020,23721.88
Turkey,TUR,2021,26175.93
Turkey,TUR,2022,27361.988
United Arab Emirates,ARE,2000,48888.03
United Arab Emirates,ARE,2001,51263.375
United Arab Emirates,ARE,2002,54077.47
United Arab Emirates,ARE,2003,59823.266
United Arab Emirates,ARE,2004,64925.67
United Arab Emirates,ARE,2005,65599.055
United Arab Emirates,ARE,2006,67830.93
United Arab Emirates,ARE,2007,65412.8
United Arab Emirates,ARE,2008,63862.086
United Arab Emirates,ARE,2009,58860.535
United Arab Emirates,ARE,2010,60112.402
United Arab Emirates,ARE,2011,65307
United Arab Emirates,ARE,2012,66007
United Arab Emirates,ARE,2013,66825.305
United Arab Emirates,ARE,2014,67791.39
United Arab Emirates,ARE,2015,71319.61
United Arab Emirates,ARE,2016,74292.95
United Arab Emirates,ARE,2017,73973.29
United Arab Emirates,ARE,2018,74206.484
United Arab Emirates,ARE,2019,74396.14
United Arab Emirates,ARE,2020,70188.27
United Arab Emirates,ARE,2021,72460.04
United Arab Emirates,ARE,2022,77203.67
United Kingdom,GBR,2000,31946.037
United Kingdom,GBR,2001,32660.441
United Kingdom,GBR,2002,33271.3
United Kingdom,GBR,2003,34232.426
United Kingdom,GBR,2004,34865.78
United Kingdom,GBR,2005,35623.625
United Kingdom,GBR,2006,36214.07
United Kingdom,GBR,2007,36816.676
United Kingdom,GBR,2008,36264.79
United Kingdom,GBR,2009,34402.36
United Kingdom,GBR,2010,34754.473
United Kingdom,GBR,2011,34971
United Kingdom,GBR,2012,35243.64
United Kingdom,GBR,2013,35660.56
United Kingdom,GBR,2014,36521.86
United Kingdom,GBR,2015,37101.227
United Kingdom,GBR,2016,37593.906
United Kingdom,GBR,2017,38283.938
United Kingdom,GBR,2018,38704.6
United Kingdom,GBR,2019,39113.01
United Kingdom,GBR,2020,34651.184
United Kingdom,GBR,2021,37134.33
United Kingdom,GBR,2022,38406.53
United States,USA,2000,45886.47
United States,USA,2001,45878.008
United States,USA,2002,46266.297
United States,USA,2003,47157.996
United States,USA,2004,48492.72
United States,USA,2005,49654.76
United States,USA,2006,50489.86
United States,USA,2007,50901.746
United States,USA,2008,50275.746
United States,USA,2009,48452.934
United States,USA,2010,49266.914
United States,USA,2011,49675
United States,USA,2012,50436.434
United States,USA,2013,51010.797
United States,USA,2014,51796.62
United States,USA,2015,52808.152
United States,USA,2016,53301.016
United States,USA,2017,54152.363
United States,USA,2018,55454.668
United States,USA,2019,56469.26
United States,USA,2020,54379.207
United States,USA,2021,57522.703
United States,USA,2022,58487.465
Zimbabwe,ZWE,2000,2211.1963
Zimbabwe,ZWE,2001,2193.7385
Zimbabwe,ZWE,2002,2025.3177
Zimbabwe,ZWE,2003,1700.9558
Zimbabwe,ZWE,2004,1604.503
Zimbabwe,ZWE,2005,1496.0343
Zimbabwe,ZWE,2006,1455.7286
Zimbabwe,ZWE,2007,1422.1553
Zimbabwe,ZWE,2008,1197.5261
Zimbabwe,ZWE,2009,1285.0466
Zimbabwe,ZWE,2010,1401.8566
Zimbabwe,ZWE,2011,1515
Zimbabwe,ZWE,2012,1749.8566
Zimbabwe,ZWE,2013,1766.3789
Zimbabwe,ZWE,2014,1789.0048
Zimbabwe,ZWE,2015,1798.7872
Zimbabwe,ZWE,2016,1782.8301
Zimbabwe,ZWE,2017,1843.9463
Zimbabwe,ZWE,2018,1900.1992
Zimbabwe,ZWE,2019,1753.0244
Zimbabwe,ZWE,2020,1585.9728
Zimbabwe,ZWE,2021,1687.2532
Zimbabwe,ZWE,2022,1703.5294
